ѕрофессиональный м€ч Nike Merlin;4000р.;2 часа назад;https://www.avito.ru//kazan/sport_i_otdyh/professionalnyy_myach_nike_merlin_2043102275
ѕрофессиональный м€ч Nike Merlin;4000р.;2 часа назад;https://www.avito.ru//kazan/sport_i_otdyh/professionalnyy_myach_nike_merlin_2043102275
ћ€ч футзальный Select Futsal Master (мини футбол);3500р.;2 дн€ назад;https://www.avito.ru//kazan/sport_i_otdyh/myach_futzalnyy_select_futsal_master_mini_futbol_1993981302
‘утбольный м€ч новый N 5;450р.;14 часов назад;https://www.avito.ru//kazan/sport_i_otdyh/futbolnyy_myach_novyy_n_5_2059478359
ћ€чи;500р.;16 часов назад;https://www.avito.ru//kazan/sport_i_otdyh/myachi_1946576422
ћ€ч дл€ художественной гимнастики;2500р.;6 дней назад;https://www.avito.ru//kazan/sport_i_otdyh/myach_dlya_hudozhestvennoy_gimnastiki_2101210160
ћ€чик попрыгун;300р.;12 часов назад;https://www.avito.ru//kazan/sport_i_otdyh/myachik_poprygun_2031896111
ћ€ч гимнастический;700р.;15 часов назад;https://www.avito.ru//kazan/sport_i_otdyh/myach_gimnasticheskiy_2095679547
ћ€ч гимнастический;350р.;20 часов назад;https://www.avito.ru//kazan/sport_i_otdyh/myach_gimnasticheskiy_1044186979
ћ€ч гимнастический;3000р.;1 день назад;https://www.avito.ru//kazan/sport_i_otdyh/myach_gimnasticheskiy_2067236879
‘утбольный м€ч новый;1300р.;3 часа назад;https://www.avito.ru//kazan/sport_i_otdyh/futbolnyy_myach_novyy_2041948137
Ѕаскетбольный м€ч Spalding TF-250;3000р.;4 дн€ назад;https://www.avito.ru//kazan/sport_i_otdyh/basketbolnyy_myach_spalding_tf-250_2091084393
ћ€ч;500р.;4 дн€ назад;https://www.avito.ru//kazan/sport_i_otdyh/myach_2027645124
ћ€ч дл€ регби;500р.;1 день назад;https://www.avito.ru//kazan/sport_i_otdyh/myach_dlya_regbi_1988404295
Ѕаскетобольный м€ч nike;1000р.;1 день назад;https://www.avito.ru//kazan/sport_i_otdyh/basketobolnyy_myach_nike_2082823805
√имнастический м€ч;900р.;16 часов назад;https://www.avito.ru//kazan/sport_i_otdyh/gimnasticheskiy_myach_2023696041
‘утбольный м€ч;1500р.;1 день назад;https://www.avito.ru//kazan/sport_i_otdyh/futbolnyy_myach_2020670242
ћ€ч;2000р.;6 дней назад;https://www.avito.ru//kazan/sport_i_otdyh/myach_1810957674
ћ€ч баскетбольный Atemi, PVC Foam, 8 панелей, BB95;1750р.;20 часов назад;https://www.avito.ru//kazan/sport_i_otdyh/myach_basketbolnyy_atemi_pvc_foam_8_paneley_bb95_1920060916
ћ€ч;100р.;3 дн€ назад;https://www.avito.ru//kazan/sport_i_otdyh/myach_2095694625
ћ€ч рубин;7000р.;2 дн€ назад;https://www.avito.ru//kazan/kollektsionirovanie/myach_rubin_1061577758
‘утбольный м€ч adidas оригинал;2500р.;4 дн€ назад;https://www.avito.ru//kazan/sport_i_otdyh/futbolnyy_myach_adidas_original_2091525416
ћ€ч;100р.;4 дн€ назад;https://www.avito.ru//kazan/tovary_dlya_detey_i_igrushki/myach_2041388390
"ћ€ч ""–адость"", 12 см";217р.;;https://www.avito.ru//moskva/tovary_dlya_detey_i_igrushki/myach_radost_12_sm_2061034979?slocation=650400
ћ€ч прыгун;300р.;1 день назад;https://www.avito.ru//kazan/sport_i_otdyh/myach_prygun_2036565064
Ѕаскетбольный м€ч;1700р.;18 часов назад;https://www.avito.ru//kazan/sport_i_otdyh/basketbolnyy_myach_2122844193
ћ€ч футбольный nike magia;2500р.;2 недели назад;https://www.avito.ru//kazan/sport_i_otdyh/myach_futbolnyy_nike_magia_2011317599
ћ€чи детские;100р.;4 дн€ назад;https://www.avito.ru//kazan/sport_i_otdyh/myachi_detskie_2086918505
ћ€ч;1200р.;3 недели назад;https://www.avito.ru//kazan/sport_i_otdyh/myach_2103188814
ћ€ч дл€ художественной гимнастики;350р.;15 часов назад;https://www.avito.ru//kazan/sport_i_otdyh/myach_dlya_hudozhestvennoy_gimnastiki_2024569312
¬олейбольный м€ч;500р.;22 часа назад;https://www.avito.ru//kazan/sport_i_otdyh/voleybolnyy_myach_2109295385
¬олейбольный м€ч mikasa;2500р.;1 день назад;https://www.avito.ru//kazan/sport_i_otdyh/voleybolnyy_myach_mikasa_2083248897
ћ€ч дл€ настольного тенниса;550р.;3 дн€ назад;https://www.avito.ru//kazan/sport_i_otdyh/myach_dlya_nastolnogo_tennisa_2078380587
ћ€ч;270р.;3 недели назад;https://www.avito.ru//kazan/sport_i_otdyh/myach_2045699542
‘утбольный м€ч nike;300р.;1 день назад;https://www.avito.ru//kazan/sport_i_otdyh/futbolnyy_myach_nike_1991566042
‘утбольный м€ч nike;700р.;2 дн€ назад;https://www.avito.ru//kazan/sport_i_otdyh/futbolnyy_myach_nike_2094547485
‘утзальный м€ч профессиональный Adidas;2700р.;4 дн€ назад;https://www.avito.ru//kazan/sport_i_otdyh/futzalnyy_myach_professionalnyy_adidas_2043168193
√имнастический м€ч;300р.;2 дн€ назад;https://www.avito.ru//kazan/sport_i_otdyh/gimnasticheskiy_myach_2083590025
ћ€ч-попрыгун Z-Sports с ручкой, (65 см, красный) (GB65);699р.;;https://www.avito.ru//moskva/sport_i_otdyh/myach-poprygun_z-sports_s_ruchkoy_65_sm_krasnyy_gb65_2049998346?slocation=650400
ћ€ч дл€ художественной гимнастики Pastorelli;1450р.;5 дней назад;https://www.avito.ru//kazan/sport_i_otdyh/myach_dlya_hudozhestvennoy_gimnastiki_pastorelli_1879992677
¬олейбольный м€ч;1500р.;2 дн€ назад;https://www.avito.ru//kazan/sport_i_otdyh/voleybolnyy_myach_2047676613
ћ€ч футбольный Nike Lightweight 290g;999р.;1 неделю назад;https://www.avito.ru//kazan/tovary_dlya_detey_i_igrushki/myach_futbolnyy_nike_lightweight_290g_1915728774
ћ€ч хрустальный;10500р.;1 неделю назад;https://www.avito.ru//kazan/kollektsionirovanie/myach_hrustalnyy_2046552506
ћ€ч гимнастический;690р.;1 неделю назад;https://www.avito.ru//kazan/sport_i_otdyh/myach_gimnasticheskiy_1112497116
ћ€ч “акане;700р.;4 дн€ назад;https://www.avito.ru//kazan/tovary_dlya_detey_i_igrushki/myach_takane_2024046267
ћ€ч дл€ художественной гимнастики Sasaki;3500р.;1 неделю назад;https://www.avito.ru//kazan/sport_i_otdyh/myach_dlya_hudozhestvennoy_gimnastiki_sasaki_2062655894
ћ€ч;250р.;4 дн€ назад;https://www.avito.ru//kazan/sport_i_otdyh/myach_1987013365
ћ€ч баскетбольный nike;1000р.;2 недели назад;https://www.avito.ru//kazan/sport_i_otdyh/myach_basketbolnyy_nike_2109470529
ћ€ч фитбол;500р.;1 неделю назад;https://www.avito.ru//kazan/sport_i_otdyh/myach_fitbol_2035368881
"ћ€ч-попрыгун ""ћи-ми-мишки"", 45 см";922р.;;https://www.avito.ru//moskva/tovary_dlya_detey_i_igrushki/myach-poprygun_mi-mi-mishki_45_sm_2060959491?slocation=650400
ћ€ч футбольный є5, арт. “88431;411р.;;https://www.avito.ru//moskva/sport_i_otdyh/myach_futbolnyy_5_art._t88431_2061676756?slocation=650400
ѕрофессиональный м€ч Nike Merlin;4000р.;2 часа назад;https://www.avito.ru//kazan/sport_i_otdyh/professionalnyy_myach_nike_merlin_2043102275
ћ€ч футзальный Select Futsal Master (мини футбол);3500р.;2 дн€ назад;https://www.avito.ru//kazan/sport_i_otdyh/myach_futzalnyy_select_futsal_master_mini_futbol_1993981302
‘утбольный м€ч новый N 5;450р.;14 часов назад;https://www.avito.ru//kazan/sport_i_otdyh/futbolnyy_myach_novyy_n_5_2059478359
ћ€чи;500р.;16 часов назад;https://www.avito.ru//kazan/sport_i_otdyh/myachi_1946576422
ћ€ч дл€ художественной гимнастики;2500р.;6 дней назад;https://www.avito.ru//kazan/sport_i_otdyh/myach_dlya_hudozhestvennoy_gimnastiki_2101210160
ћ€чик попрыгун;300р.;12 часов назад;https://www.avito.ru//kazan/sport_i_otdyh/myachik_poprygun_2031896111
ћ€ч гимнастический;700р.;15 часов назад;https://www.avito.ru//kazan/sport_i_otdyh/myach_gimnasticheskiy_2095679547
ћ€ч гимнастический;350р.;20 часов назад;https://www.avito.ru//kazan/sport_i_otdyh/myach_gimnasticheskiy_1044186979
ћ€ч гимнастический;3000р.;1 день назад;https://www.avito.ru//kazan/sport_i_otdyh/myach_gimnasticheskiy_2067236879
‘утбольный м€ч новый;1300р.;3 часа назад;https://www.avito.ru//kazan/sport_i_otdyh/futbolnyy_myach_novyy_2041948137
ћ€ч;500р.;4 дн€ назад;https://www.avito.ru//kazan/sport_i_otdyh/myach_2027645124
Ѕаскетбольный м€ч Spalding TF-250;3000р.;4 дн€ назад;https://www.avito.ru//kazan/sport_i_otdyh/basketbolnyy_myach_spalding_tf-250_2091084393
ћ€ч дл€ регби;500р.;1 день назад;https://www.avito.ru//kazan/sport_i_otdyh/myach_dlya_regbi_1988404295
Ѕаскетобольный м€ч nike;1000р.;1 день назад;https://www.avito.ru//kazan/sport_i_otdyh/basketobolnyy_myach_nike_2082823805
√имнастический м€ч;900р.;16 часов назад;https://www.avito.ru//kazan/sport_i_otdyh/gimnasticheskiy_myach_2023696041
‘утбольный м€ч;1500р.;1 день назад;https://www.avito.ru//kazan/sport_i_otdyh/futbolnyy_myach_2020670242
ћ€ч;2000р.;6 дней назад;https://www.avito.ru//kazan/sport_i_otdyh/myach_1810957674
ћ€ч баскетбольный Atemi, PVC Foam, 8 панелей, BB95;1750р.;20 часов назад;https://www.avito.ru//kazan/sport_i_otdyh/myach_basketbolnyy_atemi_pvc_foam_8_paneley_bb95_1920060916
ћ€ч;100р.;3 дн€ назад;https://www.avito.ru//kazan/sport_i_otdyh/myach_2095694625
ћ€ч рубин;7000р.;2 дн€ назад;https://www.avito.ru//kazan/kollektsionirovanie/myach_rubin_1061577758
ћ€ч;100р.;4 дн€ назад;https://www.avito.ru//kazan/tovary_dlya_detey_i_igrushki/myach_2041388390
"ћ€ч ""–адость"", 12 см";217р.;;https://www.avito.ru//moskva/tovary_dlya_detey_i_igrushki/myach_radost_12_sm_2061034979?slocation=650400
‘утбольный м€ч adidas оригинал;2500р.;4 дн€ назад;https://www.avito.ru//kazan/sport_i_otdyh/futbolnyy_myach_adidas_original_2091525416
ћ€ч прыгун;300р.;1 день назад;https://www.avito.ru//kazan/sport_i_otdyh/myach_prygun_2036565064
ћ€ч футбольный nike magia;2500р.;2 недели назад;https://www.avito.ru//kazan/sport_i_otdyh/myach_futbolnyy_nike_magia_2011317599
Ѕаскетбольный м€ч;1700р.;19 часов назад;https://www.avito.ru//kazan/sport_i_otdyh/basketbolnyy_myach_2122844193
ћ€чи детские;100р.;4 дн€ назад;https://www.avito.ru//kazan/sport_i_otdyh/myachi_detskie_2086918505
ћ€ч;1200р.;3 недели назад;https://www.avito.ru//kazan/sport_i_otdyh/myach_2103188814
ћ€ч дл€ художественной гимнастики;350р.;15 часов назад;https://www.avito.ru//kazan/sport_i_otdyh/myach_dlya_hudozhestvennoy_gimnastiki_2024569312
¬олейбольный м€ч;500р.;22 часа назад;https://www.avito.ru//kazan/sport_i_otdyh/voleybolnyy_myach_2109295385
¬олейбольный м€ч mikasa;2500р.;1 день назад;https://www.avito.ru//kazan/sport_i_otdyh/voleybolnyy_myach_mikasa_2083248897
ћ€ч дл€ настольного тенниса;550р.;3 дн€ назад;https://www.avito.ru//kazan/sport_i_otdyh/myach_dlya_nastolnogo_tennisa_2078380587
ћ€ч;270р.;3 недели назад;https://www.avito.ru//kazan/sport_i_otdyh/myach_2045699542
‘утбольный м€ч nike;300р.;1 день назад;https://www.avito.ru//kazan/sport_i_otdyh/futbolnyy_myach_nike_1991566042
‘утбольный м€ч nike;700р.;2 дн€ назад;https://www.avito.ru//kazan/sport_i_otdyh/futbolnyy_myach_nike_2094547485
‘утзальный м€ч профессиональный Adidas;2700р.;4 дн€ назад;https://www.avito.ru//kazan/sport_i_otdyh/futzalnyy_myach_professionalnyy_adidas_2043168193
√имнастический м€ч;300р.;2 дн€ назад;https://www.avito.ru//kazan/sport_i_otdyh/gimnasticheskiy_myach_2083590025
ћ€ч-попрыгун Z-Sports с ручкой, (65 см, красный) (GB65);699р.;;https://www.avito.ru//moskva/sport_i_otdyh/myach-poprygun_z-sports_s_ruchkoy_65_sm_krasnyy_gb65_2049998346?slocation=650400
ћ€ч дл€ художественной гимнастики Pastorelli;1450р.;5 дней назад;https://www.avito.ru//kazan/sport_i_otdyh/myach_dlya_hudozhestvennoy_gimnastiki_pastorelli_1879992677
¬олейбольный м€ч;1500р.;2 дн€ назад;https://www.avito.ru//kazan/sport_i_otdyh/voleybolnyy_myach_2047676613
ћ€ч футбольный Nike Lightweight 290g;999р.;1 неделю назад;https://www.avito.ru//kazan/tovary_dlya_detey_i_igrushki/myach_futbolnyy_nike_lightweight_290g_1915728774
ћ€ч хрустальный;10500р.;1 неделю назад;https://www.avito.ru//kazan/kollektsionirovanie/myach_hrustalnyy_2046552506
ћ€ч гимнастический;690р.;1 неделю назад;https://www.avito.ru//kazan/sport_i_otdyh/myach_gimnasticheskiy_1112497116
ћ€ч “акане;700р.;4 дн€ назад;https://www.avito.ru//kazan/tovary_dlya_detey_i_igrushki/myach_takane_2024046267
ћ€ч дл€ художественной гимнастики Sasaki;3500р.;1 неделю назад;https://www.avito.ru//kazan/sport_i_otdyh/myach_dlya_hudozhestvennoy_gimnastiki_sasaki_2062655894
ћ€ч;250р.;4 дн€ назад;https://www.avito.ru//kazan/sport_i_otdyh/myach_1987013365
ћ€ч баскетбольный nike;1000р.;2 недели назад;https://www.avito.ru//kazan/sport_i_otdyh/myach_basketbolnyy_nike_2109470529
ћ€ч фитбол;500р.;1 неделю назад;https://www.avito.ru//kazan/sport_i_otdyh/myach_fitbol_2035368881
"ћ€ч-попрыгун ""ћи-ми-мишки"", 45 см";922р.;;https://www.avito.ru//moskva/tovary_dlya_detey_i_igrushki/myach-poprygun_mi-mi-mishki_45_sm_2060959491?slocation=650400
ћ€ч футбольный є5, арт. “88431;411р.;;https://www.avito.ru//moskva/sport_i_otdyh/myach_futbolnyy_5_art._t88431_2061676756?slocation=650400
